<?xml version="1.0" encoding="UTF-8" standalone="no"?>
<database name="smp" type="MySQL - 5.0.51a-3ubuntu5.5">
   <tables>
      <table name="app_user" numRows="2" remarks="" type="TABLE">
         <column autoUpdated="true" digits="0" id="0" name="id" nullable="false" remarks="" size="19" type="BIGINT">
            <child column="user_id" foreignKey="FK8FFE823BA53B5291" implied="false" onDeleteCascade="false" table="student"/>
            <child column="user_id" foreignKey="FK143BF46AA53B5291" implied="false" onDeleteCascade="false" table="user_role"/>
         </column>
         <column autoUpdated="false" digits="0" id="1" name="account_expired" nullable="false" remarks="" size="1" type="BIT"/>
         <column autoUpdated="false" digits="0" id="2" name="account_locked" nullable="false" remarks="" size="1" type="BIT"/>
         <column autoUpdated="false" digits="0" id="3" name="version" nullable="true" remarks="" size="10" type="INT"/>
         <column autoUpdated="false" digits="0" id="4" name="credentials_expired" nullable="false" remarks="" size="1" type="BIT"/>
         <column autoUpdated="false" digits="0" id="5" name="email" nullable="true" remarks="" size="255" type="VARCHAR"/>
         <column autoUpdated="false" digits="0" id="6" name="enabled" nullable="false" remarks="" size="1" type="BIT"/>
         <column autoUpdated="false" digits="0" id="7" name="password" nullable="false" remarks="" size="255" type="VARCHAR"/>
         <column autoUpdated="false" digits="0" id="8" name="username" nullable="false" remarks="" size="30" type="VARCHAR"/>
         <primaryKey column="id" sequenceNumberInPK="1"/>
         <index name="PRIMARY" unique="true">
            <column ascending="true" name="id"/>
         </index>
         <index name="email" unique="true">
            <column ascending="true" name="email"/>
         </index>
         <index name="username" unique="true">
            <column ascending="true" name="username"/>
         </index>
      </table>
      <table name="contact" numRows="0" remarks="" type="TABLE">
         <column autoUpdated="true" digits="0" id="0" name="id" nullable="false" remarks="" size="19" type="BIGINT">
            <child column="contact_id" foreignKey="FK8FFE823B98435A3" implied="false" onDeleteCascade="false" table="student"/>
         </column>
         <column autoUpdated="false" digits="0" id="1" name="address" nullable="true" remarks="" size="255" type="VARCHAR"/>
         <column autoUpdated="false" digits="0" id="2" name="version" nullable="true" remarks="" size="10" type="INT"/>
         <column autoUpdated="false" digits="0" id="3" name="city" nullable="true" remarks="" size="255" type="VARCHAR"/>
         <column autoUpdated="false" digits="0" id="4" name="email" nullable="true" remarks="" size="255" type="VARCHAR"/>
         <column autoUpdated="false" digits="0" id="5" name="mobile" nullable="true" remarks="" size="255" type="VARCHAR"/>
         <column autoUpdated="false" digits="0" id="6" name="phone_home" nullable="true" remarks="" size="255" type="VARCHAR"/>
         <column autoUpdated="false" digits="0" id="7" name="phone_work" nullable="true" remarks="" size="255" type="VARCHAR"/>
         <column autoUpdated="false" digits="0" id="8" name="postcode" nullable="true" remarks="" size="255" type="VARCHAR"/>
         <column autoUpdated="false" digits="0" id="9" name="student_id" nullable="true" remarks="" size="19" type="BIGINT">
            <parent column="id" foreignKey="FK38B724201AEBBBC3" implied="false" onDeleteCascade="false" table="student"/>
         </column>
         <primaryKey column="id" sequenceNumberInPK="1"/>
         <index name="PRIMARY" unique="true">
            <column ascending="true" name="id"/>
         </index>
         <index name="FK38B724201AEBBBC3" unique="false">
            <column ascending="true" name="student_id"/>
         </index>
      </table>
      <table name="group_training" numRows="0" remarks="" type="TABLE">
         <column autoUpdated="true" digits="0" id="0" name="id" nullable="false" remarks="" size="19" type="BIGINT">
            <child column="group_training" foreignKey="FK7FD5C42D42FDFC3C" implied="false" onDeleteCascade="false" table="group_training_mentors"/>
         </column>
         <column autoUpdated="false" digits="0" id="1" name="version" nullable="true" remarks="" size="10" type="INT"/>
         <column autoUpdated="false" digits="0" id="2" name="location" nullable="true" remarks="" size="255" type="VARCHAR"/>
         <column autoUpdated="false" digits="0" id="3" name="status" nullable="true" remarks="" size="255" type="VARCHAR"/>
         <column autoUpdated="false" digits="0" id="4" name="training_date" nullable="true" remarks="" size="19" type="DATETIME"/>
         <primaryKey column="id" sequenceNumberInPK="1"/>
         <index name="PRIMARY" unique="true">
            <column ascending="true" name="id"/>
         </index>
      </table>
      <table name="group_training_mentors" numRows="0" remarks="" type="TABLE">
         <column autoUpdated="false" digits="0" id="0" name="group_training" nullable="false" remarks="" size="19" type="BIGINT">
            <parent column="id" foreignKey="FK7FD5C42D42FDFC3C" implied="false" onDeleteCascade="false" table="group_training"/>
         </column>
         <column autoUpdated="false" digits="0" id="1" name="mentors" nullable="false" remarks="" size="19" type="BIGINT">
            <parent column="id" foreignKey="FK7FD5C42D911A6EF6" implied="false" onDeleteCascade="false" table="student"/>
         </column>
         <primaryKey column="group_training" sequenceNumberInPK="1"/>
         <primaryKey column="mentors" sequenceNumberInPK="2"/>
         <index name="PRIMARY" unique="true">
            <column ascending="true" name="group_training"/>
            <column ascending="true" name="mentors"/>
         </index>
         <index name="FK7FD5C42D42FDFC3C" unique="false">
            <column ascending="true" name="group_training"/>
         </index>
         <index name="FK7FD5C42D911A6EF6" unique="false">
            <column ascending="true" name="mentors"/>
         </index>
      </table>
      <table name="matching" numRows="0" remarks="" type="TABLE">
         <column autoUpdated="true" digits="0" id="0" name="id" nullable="false" remarks="" size="19" type="BIGINT">
            <child column="matching_id" foreignKey="FK8FFE823BDF50D9D1" implied="false" onDeleteCascade="false" table="student"/>
         </column>
         <column autoUpdated="false" digits="0" id="1" name="version" nullable="true" remarks="" size="10" type="INT"/>
         <column autoUpdated="false" digits="0" id="2" name="comments" nullable="true" remarks="" size="255" type="VARCHAR"/>
         <column autoUpdated="false" digits="0" id="3" name="family_responsibilities" nullable="true" remarks="" size="1" type="BIT"/>
         <column autoUpdated="false" digits="0" id="4" name="gender_prefer" nullable="true" remarks="" size="255" type="VARCHAR"/>
         <column autoUpdated="false" digits="0" id="5" name="interests" nullable="true" remarks="" size="255" type="VARCHAR"/>
         <column autoUpdated="false" digits="0" id="6" name="is_disability" nullable="true" remarks="" size="1" type="BIT"/>
         <column autoUpdated="false" digits="0" id="7" name="is_indigenous" nullable="true" remarks="" size="1" type="BIT"/>
         <column autoUpdated="false" digits="0" id="8" name="is_non_english" nullable="true" remarks="" size="1" type="BIT"/>
         <column autoUpdated="false" digits="0" id="9" name="is_regional" nullable="true" remarks="" size="1" type="BIT"/>
         <column autoUpdated="false" digits="0" id="10" name="is_socioeconomic" nullable="true" remarks="" size="1" type="BIT"/>
         <column autoUpdated="false" digits="0" id="11" name="prefer_australian" nullable="true" remarks="" size="1" type="BIT"/>
         <column autoUpdated="false" digits="0" id="12" name="prefer_distance" nullable="true" remarks="" size="1" type="BIT"/>
         <column autoUpdated="false" digits="0" id="13" name="prefer_international" nullable="true" remarks="" size="1" type="BIT"/>
         <column autoUpdated="false" digits="0" id="14" name="prefer_on_campus" nullable="true" remarks="" size="1" type="BIT"/>
         <column autoUpdated="false" digits="0" id="15" name="tertiary_studies" nullable="true" remarks="" size="1" type="BIT"/>
         <column autoUpdated="false" digits="0" id="16" name="work_status" nullable="true" remarks="" size="255" type="VARCHAR"/>
         <column autoUpdated="false" digits="0" id="17" name="student_id" nullable="true" remarks="" size="19" type="BIGINT">
            <parent column="id" foreignKey="FK11B2ABFD1AEBBBC3" implied="false" onDeleteCascade="false" table="student"/>
         </column>
         <primaryKey column="id" sequenceNumberInPK="1"/>
         <index name="PRIMARY" unique="true">
            <column ascending="true" name="id"/>
         </index>
         <index name="FK11B2ABFD1AEBBBC3" unique="false">
            <column ascending="true" name="student_id"/>
         </index>
         <index name="student_id" unique="true">
            <column ascending="true" name="student_id"/>
         </index>
      </table>
      <table name="online_training" numRows="0" remarks="" type="TABLE">
         <column autoUpdated="true" digits="0" id="0" name="id" nullable="false" remarks="" size="19" type="BIGINT"/>
         <column autoUpdated="false" digits="0" id="1" name="version" nullable="true" remarks="" size="10" type="INT"/>
         <column autoUpdated="false" digits="0" id="2" name="training_date" nullable="true" remarks="" size="19" type="DATETIME"/>
         <column autoUpdated="false" digits="0" id="3" name="student_id" nullable="true" remarks="" size="19" type="BIGINT">
            <parent column="id" foreignKey="FK7746F1461AEBBBC3" implied="false" onDeleteCascade="false" table="student"/>
         </column>
         <primaryKey column="id" sequenceNumberInPK="1"/>
         <index name="PRIMARY" unique="true">
            <column ascending="true" name="id"/>
         </index>
         <index name="FK7746F1461AEBBBC3" unique="false">
            <column ascending="true" name="student_id"/>
         </index>
      </table>
      <table name="role" numRows="2" remarks="" type="TABLE">
         <column autoUpdated="true" digits="0" id="0" name="id" nullable="false" remarks="" size="19" type="BIGINT">
            <child column="role_id" foreignKey="FK143BF46A108EB1" implied="false" onDeleteCascade="false" table="user_role"/>
         </column>
         <column autoUpdated="false" digits="0" id="1" name="version" nullable="true" remarks="" size="10" type="INT"/>
         <column autoUpdated="false" digits="0" id="2" name="name" nullable="false" remarks="" size="30" type="VARCHAR"/>
         <primaryKey column="id" sequenceNumberInPK="1"/>
         <index name="PRIMARY" unique="true">
            <column ascending="true" name="id"/>
         </index>
         <index name="name" unique="true">
            <column ascending="true" name="name"/>
         </index>
      </table>
      <table name="student" numRows="0" remarks="" type="TABLE">
         <column autoUpdated="true" digits="0" id="0" name="id" nullable="false" remarks="" size="19" type="BIGINT">
            <child column="student_id" foreignKey="FK38B724201AEBBBC3" implied="false" onDeleteCascade="false" table="contact"/>
            <child column="mentors" foreignKey="FK7FD5C42D911A6EF6" implied="false" onDeleteCascade="false" table="group_training_mentors"/>
            <child column="student_id" foreignKey="FK11B2ABFD1AEBBBC3" implied="false" onDeleteCascade="false" table="matching"/>
            <child column="student_id" foreignKey="FK7746F1461AEBBBC3" implied="false" onDeleteCascade="false" table="online_training"/>
         </column>
         <column autoUpdated="false" digits="0" id="1" name="age_range" nullable="true" remarks="" size="255" type="VARCHAR"/>
         <column autoUpdated="false" digits="0" id="2" name="version" nullable="true" remarks="" size="10" type="INT"/>
         <column autoUpdated="false" digits="0" id="3" name="course" nullable="true" remarks="" size="255" type="VARCHAR"/>
         <column autoUpdated="false" digits="0" id="4" name="first_year_complete" nullable="true" remarks="" size="1" type="BIT"/>
         <column autoUpdated="false" digits="0" id="5" name="firstname" nullable="true" remarks="" size="255" type="VARCHAR"/>
         <column autoUpdated="false" digits="0" id="6" name="gender" nullable="true" remarks="" size="255" type="VARCHAR"/>
         <column autoUpdated="false" digits="0" id="7" name="international" nullable="true" remarks="" size="1" type="BIT"/>
         <column autoUpdated="false" digits="0" id="8" name="lastname" nullable="true" remarks="" size="255" type="VARCHAR"/>
         <column autoUpdated="false" digits="0" id="9" name="major" nullable="true" remarks="" size="255" type="VARCHAR"/>
         <column autoUpdated="false" digits="0" id="10" name="myscu_activated" nullable="true" remarks="" size="1" type="BIT"/>
         <column autoUpdated="false" digits="0" id="11" name="recommended_by_staff" nullable="true" remarks="" size="255" type="VARCHAR"/>
         <column autoUpdated="false" digits="0" id="12" name="semesters_compeleted" nullable="true" remarks="" size="10" type="INT"/>
         <column autoUpdated="false" digits="0" id="13" name="student_number" nullable="true" remarks="" size="10" type="INT"/>
         <column autoUpdated="false" digits="0" id="14" name="student_type" nullable="true" remarks="" size="255" type="VARCHAR"/>
         <column autoUpdated="false" digits="0" id="15" name="study_mode" nullable="true" remarks="" size="255" type="VARCHAR"/>
         <column autoUpdated="false" digits="0" id="16" name="trained" nullable="true" remarks="" size="1" type="BIT"/>
         <column autoUpdated="false" digits="0" id="17" name="contact_id" nullable="true" remarks="" size="19" type="BIGINT">
            <parent column="id" foreignKey="FK8FFE823B98435A3" implied="false" onDeleteCascade="false" table="contact"/>
         </column>
         <column autoUpdated="false" digits="0" id="18" name="matching_id" nullable="true" remarks="" size="19" type="BIGINT">
            <parent column="id" foreignKey="FK8FFE823BDF50D9D1" implied="false" onDeleteCascade="false" table="matching"/>
         </column>
         <column autoUpdated="false" digits="0" id="19" name="user_id" nullable="true" remarks="" size="19" type="BIGINT">
            <parent column="id" foreignKey="FK8FFE823BA53B5291" implied="false" onDeleteCascade="false" table="app_user"/>
         </column>
         <primaryKey column="id" sequenceNumberInPK="1"/>
         <index name="PRIMARY" unique="true">
            <column ascending="true" name="id"/>
         </index>
         <index name="FK8FFE823B98435A3" unique="false">
            <column ascending="true" name="contact_id"/>
         </index>
         <index name="FK8FFE823BA53B5291" unique="false">
            <column ascending="true" name="user_id"/>
         </index>
         <index name="FK8FFE823BDF50D9D1" unique="false">
            <column ascending="true" name="matching_id"/>
         </index>
         <index name="matching_id" unique="true">
            <column ascending="true" name="matching_id"/>
         </index>
      </table>
      <table name="user_role" numRows="2" remarks="" type="TABLE">
         <column autoUpdated="false" digits="0" id="0" name="user_id" nullable="false" remarks="" size="19" type="BIGINT">
            <parent column="id" foreignKey="FK143BF46AA53B5291" implied="false" onDeleteCascade="false" table="app_user"/>
         </column>
         <column autoUpdated="false" digits="0" id="1" name="role_id" nullable="false" remarks="" size="19" type="BIGINT">
            <parent column="id" foreignKey="FK143BF46A108EB1" implied="false" onDeleteCascade="false" table="role"/>
         </column>
         <primaryKey column="role_id" sequenceNumberInPK="1"/>
         <primaryKey column="user_id" sequenceNumberInPK="2"/>
         <index name="PRIMARY" unique="true">
            <column ascending="true" name="user_id"/>
            <column ascending="true" name="role_id"/>
         </index>
         <index name="FK143BF46A108EB1" unique="false">
            <column ascending="true" name="role_id"/>
         </index>
         <index name="FK143BF46AA53B5291" unique="false">
            <column ascending="true" name="user_id"/>
         </index>
      </table>
   </tables>
</database>
